id,idea,source,section,kind,law,vibe,language_fit_budget,build,anti_slop,risk,sort_key,page
A-01,"Hero alternate D: the person frames a rectangle with both hands against sky; the glyph swarm exists only inside the frame the hands make, dissolving at its stepped edge.",A02,HOME H1,image,yes — the mask is the subject's own gesture; on any other photo there is no frame,human · futuristic · minimal,"Uses moment 1's slot rather than adding one. An alternate to §5's bee, not an addition; displaces nothing if chosen instead of it",MEDIUM,none,"reads as a viewfinder, a seeing-promise Beeond does not make",1,HOME
A-02,"Shoot the hero low enough that no horizon enters the frame at all, so open sky is the entire ground behind the person.","A02, A16",HOME H1,image,yes — the angle is what puts the swarm in clear sky,futuristic · human,"Corroborates §1's low angle. No invariant conflict, no moment spent",EASY,none,an extreme upward angle flatters few faces and narrows casting,1,HOME
A-03,Layer 4's overlapping-artefact-card device is assigned to no section. Either H4 shows two cards overlapping — the struck line and the rewrite — or the device is unspent.,A03,HOME H4,layout,yes — two states of one line is the section's own argument,technological · clean,Overlap is how the language gets depth without glass. A03's gradient ground and its frosted button are inadmissible,MEDIUM,none,two cards can read as a before-and-after gimmick,3,HOME
A-04,"One grain at one amplitude on every surface — ground, photograph and mark field alike — so bone never reads as flat digital cream.","A04, A05, A13",site-wide,image,"partial — a surface rule, not derived from a subject",expensive · human,"Takes ""analog static grain"" from the reserve, so one reserve technique goes back",EASY,none,"rasterised grain costs payload; it has to be generated, not shipped as an image",30,SITE-WIDE
A-05,The blueprint overlay draws its lines in the hairline token and its labels in muted mono. Hairlines sit below text contrast and cannot carry a callout.,A05,HOME H4,component,"partial — an accessibility consequence, not a derivation",clean · technological,Fixes moment 6's build. The language's own hairline rule requires it,EASY,none,building callouts in the hairline colour fails contrast and the QA gate,3,HOME
A-06,"Approach's chapter anchors as bracketed dimension callouts sitting on the exposed guides, not as a list. Already proposed as plates (§17.2); new is the callout form.",A05,APPROACH A1,type,partial — a typographic borrow,technological · minimal,"Numbers are page measures, not counts, so §10's instrument rule holds",EASY,none,bracketed measures can read as developer debug output,11,APPROACH
A-07,"A05 sets its headline over the photograph. Beeond cannot. The split headline (§17.1) breaks across ground, never across the picture.",A05,HOME H1,type,yes — states the boundary the invariant already implies,clean,Already proposed (§17.1); this fixes where the two halves may sit,EASY,none,"cheap to state now, expensive to discover at render",1,HOME
A-08,Survey callouts sit flat on the picture plane and ignore the subject's perspective. That flatness is what makes them read as record rather than as scenery.,"A07, A15",HOME H5 · ABOUT B1,image,yes — specifies a technique already proposed,technological · clean,"A rule for §17.2's survey layer, which is currently silent on it. No budget change",EASY,none,flat line-work over a strongly perspectival photograph can read as clip art,4,HOME
A-09,"Scrub the dial, not only the frames. At H5's opening the dots exist in patches over the bud; total conversion arrives only when the flower is fully open.",A07,HOME H5,motion,yes — the dial tracks the section's own sentence about phases,futuristic · technological,"Refines the set-piece already proposed. No new moment, no extra frames",MEDIUM,none,patchy early frames can read as a rendering bug rather than a choice,4,HOME
A-10,"A6 close: set the single closing line so its measure is cut by the mark's heptagon silhouette. The rag comes from the mark, not from a shape drawn for effect.",A08,APPROACH A6,type,"partial — derived from the mark, not from a photograph",minimal · futuristic,"Takes ""text-as-shape"" off the not-used list, so one technique goes back on",MEDIUM,none,"still a trick, and close to the cleverness the language argues against at B02",15,APPROACH
A-11,"Hero architecture alternate: the photograph as a full-width band bleeding off top, left and right, with the headline on black beneath it rather than beside it.",A10,HOME H1,layout,"partial — architecture, not effect",minimal · expensive,"An alternate to §5's side-by-side. §5 currently offers only subject alternates, none about architecture",MEDIUM,none,pushes the primary call to action toward the fold on short viewports,1,HOME
A-12,"Approach takes one full-bleed transition band between chapters: an extreme meadow crop, untreated, local time in one corner and the chapter number in the other.",A11,"APPROACH, between A3 and A4",layout,partial — the band's content is the world; its job is breath,expensive · human,"The shape table's ""section transition band"" is assigned nowhere. Adds an eighth photographic surface to a set deliberately held at seven",MEDIUM,none,Approach is a document; a photographic band can make it look like a landing page again,12,APPROACH
A-13,"Build the hero's glyph ramp only from characters the instrument layer already uses — digits, slash, dot, plus — so the swarm is drawn in the site's own numerals.",A12,HOME H1,image,"partial — a material choice, not a derivation from the subject",futuristic · minimal · technological,Binds the tech layer to §10's instrument layer instead of inventing a second alphabet,EASY,none,a ramp of digits can accidentally spell a number; the renderer must break runs,1,HOME
A-14,"Keep the hero overlay-mode only, monochrome cream on sky. Moment 1 as written is conversion, so it is not actually spent by §5 — name where it goes.",A12,HOME H1,image,yes — §4 of the brief forbids conflating the two colour modes,minimal · technological,Structural. `DESIGN-LANGUAGE` moment 1 (marks inherit colour from the pixel beneath) does not describe §5's hero. One of the two has to move,EASY (a decision),none,"unnoticed, it ships a hero that is not the moment the budget believes it spent",1,HOME
A-15,Spend the conversion glyph field on the one sharp flower head left in H10's blur — the single thing the swarm touched in a field it left alone.,"A12, A20",HOME H10,image,yes — one real object redrawn from its own pixels,human · technological,Puts moments 1 and 3 in one frame. The budget allows each once but not obviously together,MEDIUM,none,two treatments in one frame can read as a filter and lose the un-effected anchor,9,HOME
A-16,"Every field ends in a long sparse tail of isolated units, not a smooth density ramp. The last marks sit far from the mass.","A13, A14",site-wide,image,partial — a tuning rule for an existing invariant,minimal · expensive,"Tunes ""every field dissolves at its edge"". No budget change",EASY,none,too long a tail reads as noise at small viewports,30,SITE-WIDE
A-17,H7: two bone dot fields enter from the corners along the flight-line diagonal. Already proposed (§17.3). New — the tail is discrete units at falling frequency and the mass never resolves into a shape.,A13,HOME H7,image,no — compositional; the chapter has no subject to derive from,minimal · futuristic,Already proposed. Takes the slot the unspent double exposure is holding,MEDIUM,none,"a second dot appearance makes dots a style, which the language permits by name",6,HOME
A-18,Loading state: the mark assembles along the diagonal from isolated marks into solid — the dissolve tail run backwards.,A13,TOUCHPOINT loading,motion,partial — derived from the mark,futuristic · minimal,§11 already proposes the halftone-dissolve mark; this names its direction and order,EASY,none,"if the site never needs a loader, this is unused work",40,TOUCHPOINT/OFF-SITE
A-19,Mosaic-dissolve tiles nearest the photograph carry image colour; tiles nearest the ground carry ground colour. The crossover between them is the front.,A14,every photo edge,image,yes — the tiles sample the photograph they are leaving,expensive · clean,Mechanises an invariant the language states but does not specify,MEDIUM,none,"flat ground-coloured tiles read as erasure rather than dissolution, and that is the cheap build",30,SITE-WIDE
A-20,"The survey line is hand-irregular rather than a smooth vector, and its label interrupts the line instead of floating beside it.",A15,HOME H5 · ABOUT B1,image,partial — a drawing-quality rule,human · expensive,Same slot as A-08. Costs nothing extra,EASY,none,irregularity done badly reads as a sloppy path,4,HOME
A-21,Any photograph carrying a survey overlay is authored down in contrast first. The line reads because the picture is quiet beneath it.,A15,HOME H5,image,partial — a compositing rule,clean · expensive,"Consistent with ""sharp mark against imperfect photograph"". No conflict",EASY,none,flattening the photograph too far loses the grain the language asks for,4,HOME
A-22,"H6 stays image-free and takes A16's numbering instead: `01`–`04` in mono at the head of each channel list, with the existing hairline rules doing the dividing.",A16,HOME H6,layout,partial — a layout borrow; the section has no subject,clean · minimal,"Adds no photograph to a section counted as image-free. The figures are ordinals, not counts",EASY,none,ordinals can be misread as a ranking of the channels,5,HOME
A-23,"Photograph Adam and Yarden in one frame, one afternoon, one light — then cut two blob crops out of that single photograph.",A16,ABOUT B1,image,"yes — one light, one place, one moment",human · expensive,"Keeps the blob-crop invariant intact. A photography-brief note, not a layout change",EASY,none,one frame means a single failed shoot loses both portraits,16,ABOUT
A-24,B5's knockout needs a busy photograph. Over open sky the letterform has nothing to cut against; A17 works because the meadow is noise.,A17,ABOUT B5,image,yes — the moment depends on the subject's texture,expensive · minimal,Corrects the asset brief for moment 7 without moving the moment,EASY,none,"if no busy sky exists the moment moves to the meadow, and H10 then loses its image",19,ABOUT
A-25,"Perforate exactly one letter, on the honeycomb's offset lattice rather than a square grid, so moment 7 carries the mark's own cell geometry.",A17,ABOUT B5,image,"yes — the perforation is the mark's geometry, not a texture",futuristic · minimal,Binds moment 7 to the mark. The wordmark face stays OPEN,MEDIUM,none,a perforated letter loses legibility at small viewports,19,ABOUT
A-26,Running-head option: set the section index vertically along the outer margin instead of horizontally at the top.,A18,site-wide,type,no — a placement choice with nothing to derive from,minimal · expensive,An alternative to §10's horizontal running head. Picking one drops the other,EASY,none,vertical type is harder to read and needs a horizontal equivalent for assistive technology,30,SITE-WIDE
A-27,"Confirmation email: bone ground, one small rectangle of sky at the system radius dissolving at its edges, one serif line, the next step in mono.",A19,TOUCHPOINT confirmation email,component,partial — the aperture idea executed in the system's shape,human · clean,"A19's circle conflicts with the shape table, so the rectangle is the admissible form",EASY,none,email clients strip the dissolve mask; it needs a flattened fallback image,40,TOUCHPOINT/OFF-SITE
A-28,Pan H10's meadow bottom-left to top-right so the blur streaks lie along the mark's flight lines.,A20,HOME H10,image,yes — the photograph's own motion carries the site's one direction,human · expensive,"Aligns moment 3 with §7 rule 1. A shooting note, no budget change",EASY,none,a generated clip may not honour a specified pan direction,9,HOME
A-29,"Social template: one motion-blurred frame from the site's own world, full bleed, one Instrument Serif line in the quietest band, sign-off in mono. Off-site.","A20, A18",TOUCHPOINT LinkedIn / social,off-site,"yes — the same world, no new effect invented",human · expensive,"Reuses moment 3's look off-site, where the once-per-site budget does not apply",EASY,none,a moment reused off-site weakens its on-site singularity where audiences overlap,40,TOUCHPOINT/OFF-SITE
A-30,"The hero swarm is anatomy-keyed: density propagates along the direction the raised hand points, thickening at the fingertips and thinning away from them.",A21,HOME H1,motion,yes — the field obeys the hand's own geometry,technological · human,"Refines §5's hero. The hand is posed on the flight-line diagonal, so §7 rule 1 still holds",MEDIUM,none,the pose has to be shot for it; a wrong pose kills the effect entirely,1,HOME
A-31,Type anchors to a cell's bottom-left edge on the H4 artefact card and on the form's fields. Never centred inside a cell.,A22,HOME H4 · ASK D2,component,partial — a layout rule,clean · expensive,Restates the art-direction brief §5 as a component rule. No conflict,EASY,none,none material,3,HOME
A-32,"Moment 5: press the subject against the mesh so the parts touching it are sharp and everything behind falls into darkness. The mesh gives depth, not pattern.",A23,APPROACH A6,image,yes — the mesh is a physical object the subject meets,expensive · human · futuristic,"Specifies moment 5, which the brainstorm flagged as weakest. A23's square wire and ribbed glass stay on the not-used list",MEDIUM,none,needs a real hexagonal mesh and a real shoot; no generated version has the contact sharpness,15,APPROACH
B-01,"Social template: one subject twice across a hard vertical seam — sampled-dot conversion on bone left, the photograph with square tiles knocked out right.",B01,LinkedIn/social template (**off-site**),off-site,"yes — both halves are the same subject, two modes",expensive · technological,"Off-site, so spends no on-site moment. Uses ART-DIRECTION §4's two colour modes side by side. Displaces nothing.",MEDIUM,none,A diptych invites a before/after read; nothing here is a before or after,40,TOUCHPOINT/OFF-SITE
B-02,"Build the mosaic dissolve as **subtractive** square knockouts at the grid pitch — ground punched out of the photo, never tiles laid on it.",B01,"every photo edge, sitewide",component,"yes — the gaps are the mechanism, not an overlay",technological · clean,Implements a Layer 1 invariant; conflicts with nothing. Displaces nothing.,EASY,none,At low density a knockout reads as file damage rather than dissolve,30,SITE-WIDE
B-03,"Set the same mono string at two corners of one frame — the running head and the footer sign-off are one identical line, repeated at the page's ends.",B01,instrument layer · footer,type,n/a — no effect on a photograph,minimal · expensive,Uses the instrument layer (§10). Displaces nothing.,EASY,none,Repetition can read as a template artefact if the string is generic,10,HOME
B-04,"A real hand placing a single square tile, as the one supporting image on an artefact card — the site's own dissolve unit as a physical object.",B02,"H4 What ""done"" means",image,"partial — derived from the site's mechanism, not from a photographed subject",human · technological,Would add an eighth photographic surface; §3 counted seven deliberately. Displaces one.,MEDIUM,none,A cropped hand holding a small object is the shape of stock photography,3,HOME
B-05,"Moment 7 re-executed: build the wordmark from circular dots, each dot filled with the sky sampled at its own position — letters as a core sample, not a hole.",B03,B5 About close,image · type,yes — every dot is the pixel beneath it (conversion mode),expensive · futuristic · clean,"**Refines assigned moment 7; adds no moment.** Needs the wordmark face, still OPEN (§8). Displaces nothing.",MEDIUM,none,Dots at letter scale need enough tonal range or the word stops being readable,19,ABOUT
B-06,"Chapter pair: the same subject once as white marks over the photograph, once as photo-filled marks on bone, either side of a hard ground cut.",B03,"Home, bone→black cut",image · layout,"yes — one subject, both modes",technological · expensive,"**Costs a moment slot** — using both colour modes on one subject makes the pair a style, not a moment. Displaces one listed moment.",HARD,none,Two treatments of one subject halves the impact of each,50,OTHER
B-07,"The scattered sentence descends **vertically down one column** beside the image, one word per band, instead of bracketing it.","B03, B11",H10 Close · A6 Close,type · layout,n/a — typographic,minimal · human,"**Already proposed** (§17.1) as a diagonal bracket. New: the vertical descent, which binds to the running section index.",EASY,none,A vertical read fights the measure rule if the words get long,9,HOME
B-08,"Alternative to §17.3 for H7: broken vertical columns of mono characters at hairline contrast on the black ground, spelling nothing.","B04, B08",H7 What you're choosing between,type,"**no** — the chapter has no subject, so nothing derives it",futuristic · minimal,"Cheaper than §17.3's second dot field and spends no renderer. Displaces §17.3's corner fields, not a moment.",EASY,none,Characters that spell nothing still get read; a stray word is a coined term,6,HOME
B-09,"In every mark field, ramp **density** toward the edge, not radius — marks hold one size and thin to isolated units.",B05,"sitewide, both renderers",component,yes — implements the dissolve invariant,clean · technological,"Layer 1 edge rule, made specific. B05 ramps radius and reads as wallpaper. Displaces nothing.",EASY,none,Uniform-size marks at low density can look like dust on the screen,30,SITE-WIDE
B-10,"A real cyanotype of sky as the single large blue field on the site — a photographic print owns its colour, so the neutral system holds.",B06,A6 Close (alternative to the honeycomb),image,"partial — a real process on a real negative, but chosen rather than derived",expensive · human,"**Takes the ""cyanotype / antique-process"" reserve slot** — adding it means removing a listed technique. A6 is already flagged weakest (§3).",MEDIUM,none,One period process used once reads as a choice; twice reads as a filter,15,APPROACH
B-11,"Real paper grain in the bone ground itself, not only in the photographs.","B06, B09",sitewide ground,component,n/a,expensive · human,**CONFLICTS with Layer 1** — ground is a flat token. Not mine to change: raise with the founder.,EASY,none,Grain on the ground competes with grain in the photographs,30,SITE-WIDE
B-12,"404: full-bleed defocused daisies, no marks at all, one serif line on bone above the image.",B07,404,image,"yes, trivially — there is no overlay to justify",human · clean,"Departs from §11's ""bone, one line, no illustration"". Costs one photographic surface.",EASY,none,A beautiful 404 rewards a dead end; §11 chose austerity on purpose,40,TOUCHPOINT/OFF-SITE
B-13,"Any warm colour field on the brand is a real out-of-focus photograph, never a mesh or a gradient.","B07, B04",confirmation email · audit cover · favicon backdrop,component · off-site,"yes — the blur is the lens's, not a filter's",clean · expensive,"Answers the reserve's ""colour without a gradient mesh"". Displaces nothing.",EASY,rejects gradient mesh by name,A defocused field can read as an unloaded image,40,TOUCHPOINT/OFF-SITE
B-14,"H10 refinement: the ""one un-effected anchor"" rule applies to **treated** frames only. An untreated photograph needs no spared sharp detail.","B07, B18",H10 Close,image,yes — scopes a compositing rule rather than breaking it,human,Clarifies a Layer 3 compositing rule's reach. Displaces nothing.,EASY,none,Without any sharp point the close can read as an out-of-focus mistake,9,HOME
B-15,The hero swarm's character ramp contains **no letters** — only marks taken from the mark's flight-line stripes.,"B08, B20",H1 Hero,component,yes — the ramp comes from the mark's own geometry,technological · futuristic,"Settles ART-DIRECTION §7's open ""which mark"" for the hero. Uses moment 1. Displaces nothing.",EASY,none,"A slash ramp at small scale reads as rain, not as a swarm",1,HOME
B-16,"Concentrate mark density where **motion** is, not where luminance is — anatomy-keyed disruption along the subject's own direction of travel.","B08, B17",H5 set-piece frames,motion · image,"yes, strongly — the marks track what the subject is doing",futuristic · technological,Uses ART-DIRECTION §3's rarest combination method. Refines moment 2's frames. Displaces nothing.,MEDIUM,none,Per-frame motion masks are the most expensive thing in the pipeline,4,HOME
B-17,"The gap is the subject: the interval between the raised hand and the bee is about one hand-width, vertically centred, three-quarters of the frame left empty.",B09,H1 Hero,layout,yes,minimal · expensive · human,"**Already proposed** (§5, ""a fingertip's distance""). New: a measurable interval, and it argues for a wider one.",EASY,none,A wide gap weakens the contact reading the hero depends on,1,HOME
B-18,"D2 submitted state: after the form dissolves, one mono line sits at mid-height on an otherwise empty ground.",B09,D2 the form,interaction · layout,n/a,minimal · expensive,Uses the edge physics already assigned to the submit (§11). Displaces nothing.,EASY,none,An empty screen after submit can read as a failed request,21,ASK
B-19,"Treat the running head as one sentence with two ends — section index top-left, local time top-right, read across the frame.",B10,"instrument layer, every page",type,n/a,technological · minimal,**Already proposed** (§10) as two separate devices. New: they are one line. Displaces nothing.,EASY,none,A live clock is a thing that can visibly break,30,SITE-WIDE
B-20,Every survey call-out must key to a real feature of its frame. B10's circle is eight evenly spaced dots — a diagram of nothing.,"B10, B16",H5 · B1 (the §17.2 survey layer),component,yes — this is the clause that keeps §17.2 legal,technological · clean,Sharpens the survey-annotation reserve technique §17.2 already spends. Displaces nothing further.,EASY,none,A regular plotted circle is decoration wearing a lab coat,4,HOME
B-21,"The hero bee is **occupancy** modulation — uniform cream marks, silhouette clipped and stepped to the grid, isolated marks at the wingtips. The set-piece is radius. Never mixed.","B11, B05",H1 Hero · H5 set-piece,component,yes,futuristic · technological · clean,"**Already proposed** in substance (§5). New: the explicit occupancy/radius split, which resolves ART-DIRECTION §7 per surface.",MEDIUM,none,A stepped silhouette against clean sky can read as a low-resolution asset,1,HOME
B-22,"Hero geometry: camera at ground level, subject leaning in from one side and cropped by the frame edge, sky the whole background, contact at the optical centre.","B12, B21",H1 Hero,image,yes,human · expensive,Photography-brief constraint under §1's world. Cite B12 for **angle only** — phones and screens are on the never list. Displaces nothing.,EASY,none,Shooting up a person's nose is one degree away from comedy,1,HOME
B-23,"B1 alternative: one photograph of both founders from below against sky, cropped by both edges, instead of two blob crops.",B12,B1 Adam and Yarden,image · layout,yes,human · expensive,"**CONFLICTS** — reclassifies the photo's job from human presence (blob crop) to full-bleed statement (no crop), and the shape rule follows the job. Raise, do not decide.",HARD,none,One frame means one shoot day and no independent recrop later,16,ABOUT
B-24,"Capture grain in camera, not in post. B21 has none and reads synthetic; B12 and B18 carry native grain and read real.","B12, B18, B21",every photographic surface,image,"yes — ""sharp mark against imperfect photograph"" fails if the imperfection is added afterwards",human · expensive,Photography-brief constraint. Bears directly on §12's open real-or-generated hero decision.,EASY,none,Film is slower and less recoverable than digital,30,SITE-WIDE
B-25,A6 build note: the mesh is a physical object between camera and subject. Its cell scale stays constant across the frame while the subject's does not.,B14,A6 Close,image,"yes — the constancy is what proves it is real, not drawn",technological · human,Implements moment 5 if it survives. Displaces nothing.,MEDIUM,none,A real mesh shoot has one chance to get the moiré right,15,APPROACH
B-26,"Shoot into the sun so one region blows out and the mesh disappears there — that burnt patch is the un-effected anchor, obtained for free.",B14,A6 Close,image,yes,expensive · human,Satisfies the Layer 3 anchor rule without adding an element. Displaces nothing.,EASY,none,Blown highlights are unrecoverable if the frame is wrong,15,APPROACH
B-27,"Re-source or drop moment 5: B14's mesh is **square**, and square wire mesh is on the not-used list. Nothing in slice B shows a hexagonal mesh.",B14,A6 Close · Layer 3,image,n/a — a sourcing finding,—,`DESIGN-LANGUAGE.md` L126 cites B14 as a moment-5 source while L130 lists square mesh as superseded. A6 either shoots a real honeycomb or takes ground and type only.,EASY,none,Building moment 5 on a mis-cited source spends a moment on an untested idea,15,APPROACH
B-28,The annotation line passes **behind** part of the subject and in front of the rest. Occlusion proves the overlay knows the subject's depth.,B15,H5 call-outs · B1 name pins,component,"yes, strongly — an overlay that cannot be dropped on another photo unchanged",technological · expensive · clean,"Rescues §17.2's survey layer from reading as stickers. Uses that reserve slot, adds nothing.",MEDIUM,none,Per-frame occlusion masks for a 90-frame scrub are real work,4,HOME
B-29,"A third safe class of number: figures that measure the **photograph** — a distance across the frame, a time of day, a focal length. Never the company.",B16,instrument layer · H5 call-outs,type,yes — it measures this frame and no other,futuristic · technological,Sits beside §10's texture rule and §17.2's words-only rule. **Founder call** — §10 bans any figure mistakable for a claim.,EASY,none,Any figure on a marketing page gets read as a metric first,4,HOME
B-30,"The running section index runs vertically up the left hairline rule, one word tall, instead of horizontally at the top.",B16,instrument layer,type · layout,n/a,minimal · futuristic,Uses the exposed column grid (Layer 1). Displaces the §10 horizontal running head.,EASY,none,Rotated type is hostile to screen readers and to narrow viewports,40,TOUCHPOINT/OFF-SITE
B-31,Late-day sun from overhead makes shadows longer than their subjects. Shoot so the shadow is the second subject.,B16,H1 · H10 · B1,image,yes,human · expensive,"Photography-brief constraint under §1's ""outside, late in the day"". Displaces nothing.",EASY,none,The window for that light is about forty minutes,1,HOME
B-32,"Ghost twin at H4: the blueprint overlay draws the struck buzzword line a second time, faint, in the hairline colour, behind the rewrite.",B17,"H4 What ""done"" means",type · component,yes — it is the same line a moment later,technological · clean · expensive,Uses ART-DIRECTION §3's ghost-twin method inside assigned moment 6. Adds no moment. Displaces nothing.,EASY,none,Two versions of one line in one card can read as a rendering bug,3,HOME
B-33,Ghost twin at H5: the closed bud carries a faint glyph outline of the open flower it becomes; outline and dots converge as the scrub advances.,B17,H5 set-piece,motion · image,"yes — the same subject, later",futuristic · expensive,Refines assigned moment 2. Costs frames against the ≤90 / ≤1.5 MB budget.,HARD,none,"A preview of the outcome reads as a forecast, which is a claim",4,HOME
B-34,"The glyph arms reach toward the scattered words, so each word sits at the end of an arm — the sentence is tied to the image structurally, not by position.",B17,H1 Hero,layout · type,yes,expensive · technological,**Already proposed** (§17.1) as position only. New: the structural tie. Displaces nothing.,MEDIUM,none,Words anchored to a canvas field must reflow when the canvas does,1,HOME
B-35,"Pan the H10 meadow along the mark's flight line, bottom-left to top-right, so the photograph itself obeys the site's one direction of motion.",B18,H10 Close,image,"yes — the direction comes from the mark, the blur from the camera",expensive · human,Makes an untreated photograph part of the system at zero build cost. Uses moment 3. Displaces nothing.,EASY,none,A pan is one take; the diagonal either lands or the frame is unusable,9,HOME
B-36,"Keep the **stems** sharp and let the heads smear. The anchor is structural, not a spared detail.",B18,H10 Close,image,yes,human · clean,"Refines §3's ""one sharp flower head, or nothing"" inside moment 3. Displaces nothing.",EASY,none,Stems are thin; at low shutter they smear too,9,HOME
B-37,"**Raise, do not decide:** the corpus's warm is orange-gold and its cold is cobalt. Pine appears in almost no image in slice B, so a pine CTA beside a photographic fold is a third hue.","B18, B07, B21, B12",H1 · every accent-filled CTA,component,n/a,—,**CONFLICTS with a Layer 1 invariant** (accent tokens are locked and measured). §1.4 solved accent-*on*-photo by placement; accent-*beside*-photo is the adjacent open question. Founder's call.,EASY,none,Reopening a measured colour token can break every contrast figure at once,1,HOME
B-38,A3: the argument for one quiet inline photograph. In B19 the single photograph anchors a row of three abstract panels; A3 is the site's longest read and currently has none.,B19,A3 The work gets done,image,"yes if treated, n/a if not",human,Storyboard allows one inline image; §4 proposes none. Would add an eighth photographic surface. Displaces one.,EASY,none,Approach is a document; an image invites it to become a page,12,APPROACH
B-39,A hard stepped silhouette clip is permitted only where the surrounding photograph carries no detail at all.,B20,H1 · H5 · sitewide,component,yes — scopes the dissolve rule instead of contradicting it,clean · technological,"Qualifies Layer 3's ""the only permitted hard boundary is a silhouette clip"". Displaces nothing.",EASY,none,The exception is the kind that quietly becomes the rule,1,HOME
B-40,Set-piece source clip: shoot the bud at a very wide aperture so the treated flower is the only in-focus thing. The blur is the anchor.,B20,H5 set-piece,image,yes,expensive · futuristic,Refines assigned moment 2's capture. Displaces nothing.,EASY,none,Wide-open macro at 90 frames means most frames miss focus,4,HOME
B-41,"Hero composition mirror: subject low at bottom-left cropped by the left edge, sky open to the upper right, the swarm thickening along that diagonal.","B21, B12",H1 Hero,layout,yes — the composition travels the mark's flight line,expensive · futuristic,**Argues against §4's photo-right / words-left arrangement.** Uses moment 1 either way. Displaces nothing but reverses a proposal.,MEDIUM,none,Words on the right fights serial position for the headline,1,HOME
B-42,The hero subject wears exactly one warm colour and nothing else in frame is warm — the page's entire warmth comes from a garment.,"B21, B12",H1 Hero,image,yes,human · expensive · clean,Gives Von Restorff its one thing for free and keeps photography as the only colour source. Displaces nothing.,EASY,none,Wardrobe is the easiest thing to get wrong on a shoot day,1,HOME
B-43,"Evidence for the real-or-generated hero decision: B21, the founder's own low-angle reference, shows the generated tell — poreless skin, no grain, malformed fingers.",B21,H1 Hero (§12 risk),image,n/a,human,Bears on §12's open founder decision. Not a new risk; the risk is stated there.,EASY,none,"Stated once, at §12",1,HOME
B-44,"The mark small, flat white, on an open-sky photograph, clouds low, the rest of the frame empty.",B22,confirmation email · social template · audit cover,off-site · component,yes — nothing is overlaid,clean · expensive · minimal,"Off-site, so spends no moment. Matches the mark's white-on-blue mockups (`_index-logo` Part 3). Displaces nothing.",EASY,none,A mark alone on sky says nothing about what the company does,40,TOUCHPOINT/OFF-SITE
B-45,"**Record, do not adopt:** four clouds arranged in the mark's pinwheel geometry. This is mark-as-real-object, already on the not-used list.",B22,—,image,"partial — the clouds are the mark, but it illustrates the name, not the offer",futuristic,"On the Layer 3 not-used list. Adopting it means removing a listed moment, and §6 already rejected a honeycomb filling for the same reason.",HARD,none,It is the most seductive image in the slice and the least about the offer,50,OTHER
B-46,"Social template's fixed format: the same photograph in two states, side by side, at one radius, on one ground.","B22, B01",LinkedIn/social template (**off-site**),off-site,yes,technological · clean,Off-site. Displaces nothing.,EASY,none,A fixed diptych gets boring by the fourth post,40,TOUCHPOINT/OFF-SITE
B-47,"Real gouache, photographed: if a warm colour field is ever needed it is a painted surface with visible brush drag, arriving as a whole-cell fill, strokes on the flight-line diagonal.",B23,audit cover · confirmation email,component · off-site,"yes — the drag is the brush's, and the direction is the mark's",expensive · human,"**Takes the ""painted gouache"" reserve slot.** Uses ART-DIRECTION §5's whole-cell fill rule. Adding it means removing a listed technique.",MEDIUM,rejects gradient mesh by name,Paint photographed badly is indistinguishable from a gradient,40,TOUCHPOINT/OFF-SITE
B-48,"Audit cover alternative to §17.4: a painted ground, a different pull per audit, the visitor's domain small in mono, nothing else.",B23,the free footprint audit document (**off-site**),off-site,yes,expensive · human,"Alternative to §17.4's botanical prints. The argument: the audit is **made**, not collected, so paint is the truer metaphor than a pressed specimen.",MEDIUM,none,Two candidate covers is one more decision than the artefact needs,40,TOUCHPOINT/OFF-SITE
B-49,"**Reject by name:** the floating white card with a progress bar. It is an interface, and a progress bar asserts a duration.","B23, B13, B19",—,component,n/a,—,"Doubly forbidden: nothing that looks like an interface (A5 rule, extended sitewide by §1.3) and no durations as claims.",EASY,frosted/floating pill · fake UI,none — recording it prevents it,50,OTHER
C-01,"A single word set in the site's own dot grid, half-dissolved into isolated marks, as the 404's only display element — the page that dissolved.",C01,404,type,yes — a 404 *is* a thing that dissolved; the site's edge physics is the subject,futuristic · minimal · clean,"Dots are spent at H5 and possibly H7; putting dot-type off Home keeps it a moment, not a through-line. Displaces the plain serif 404 line in §11",MEDIUM,none,"half-legible dot type reads as a rendering bug, not a decision",40,TOUCHPOINT/OFF-SITE
C-02,"Run the section index vertically up the left hairline rule in mono, instead of horizontally across the page top.","C01, C10",all pages · instrument layer,type,"n/a — instrument, not an effect",technological · minimal,Sits on the column grid the invariants already expose. Displaces §10's top-of-page running head,EASY,none,rotated type needs an unrotated DOM equivalent or it is unreadable to assistive tech,30,SITE-WIDE
C-03,"The hero's bee is a **ghost twin**: a second bee-form offset from and overlapping the real subject, in an attitude nothing in the photograph holds.",C02,H1,image,"yes — an offset twin is the swarm *acting*, not an outline traced off the photo",futuristic · human,"Refines moment 1 (already proposed, §5). Mechanism is named in `ART-DIRECTION-BRIEF` §3",MEDIUM,none,an offset duplicate can read as a print registration error,1,HOME
C-04,"Swarm density runs along the flight-line diagonal, heaviest ahead of the raised hand and thinning to isolated marks behind it.",C02,H1,motion,yes — density maps the swarm's direction of travel,futuristic · technological,Ties §7 rule 1 to the renderer's density map. Spends nothing new,EASY,none,a directional gradient can be mistaken for a lighting effect,1,HOME
C-05,"Author grain, scan degradation and blown highlights into the hero photograph *before* any mark lands on it.",C02,H1 · photography brief,image,yes — the opposition is the mechanism; a clean frame under a clean grid is the corpus's weakest image,expensive · human,"Applies Layer 3's ""sharp mark against imperfect photograph"". Binds §12's real-or-generated decision either way",EASY,none,over-grained reads as a filter rather than a photograph,1,HOME
C-06,"The person enters the hero from a frame edge and is cropped by it; the sky, not the person, is the frame's centre.",C03,H1,layout,"partial — compositional, and it serves the swarm's need for open ground",expensive · minimal,"Extends §5's ""runs off top, right, bottom"". The crop must remove body, not just margin",EASY,kills the centred hero,a hard crop through a face reads as careless rather than composed,1,HOME
C-07,"Whichever B5 knockout wins, the crop removes **whole letters** at both edges, so the word is unreadable at a glance and identifiable anyway.",C03,B5,type,yes — already-assigned moment 7,expensive · minimal,"Refines moment 7. Needs the wordmark face, still OPEN (§8)",MEDIUM,none,unreadable to a visitor who has not yet looked at the nav,19,ABOUT
C-08,The swarm-bee's body axis aligns to the person's forearm and its wing spread to the open hand's finger spread.,C05,H1,image,"yes — the creature is grown from the photograph's own skeleton, the law's strongest available reading",futuristic · human,Refines moment 1. Forces the photography brief to shoot the arm at a usable angle in both crops,MEDIUM,none,"binds the render to one exact pose, so any reshoot invalidates it",1,HOME
C-09,"The bee is dense at the top and nearly all gaps at the bottom, so it reads as still assembling out of the air.",C05,H1,image,yes — a swarm resolving into one thing is the section's argument,futuristic,Refines moment 1; the assembly front travels the flight-line diagonal (§7),EASY,none,may read as a half-loaded image on a slow connection,1,HOME
C-10,"Shoot the founders closer than a headshot: freckles and skin texture intact, eyes up, available light, face running off two edges of the blob.",C06,B1 · A4,image,yes — untreated human is the constant,human · expensive,"Refines §12's ""no retouching that removes skin"". Blob-crop invariant unchanged",EASY,none,a very tight crop inside an organic blob can read as an accident,13,APPROACH
C-11,"Social template: mark far left, one line centre-left, wordmark far right, all on one shared baseline over a site photograph, nothing else.",C06,LinkedIn / social (off-site),off-site,"partial — a lockup, not an effect",expensive · minimal · clean,"Off-site, so it spends no moment. Needs the OPEN wordmark face",EASY,none,off-site templates drift the moment anyone else edits one,40,TOUCHPOINT/OFF-SITE
C-12,"Let a minority of the swarm's marks sample the photograph's warm tone, so the field reads as having depth rather than as a decal.",C07,H1,image,"partial — sampled colour is derived, but the mode changes",futuristic · expensive,**CONFLICTS** with §4: overlay mode is monochrome and colour never enters the glyph. Legal only by moving H1 to conversion mode,MEDIUM,none,"conversion mode over a person breaks ""humans are never converted into marks""",1,HOME
C-13,"The renderer walks the grid diagonally, so the glyph field's own grain runs bottom-left to top-right.",C07,H1 · H7,motion,yes — the direction is the mark's flight lines,technological · futuristic,Turns §7 rule 1 into a rendering rule. Costs nothing,EASY,none,a visible grain direction can read as a scan artefact,1,HOME
C-14,"Exactly one element inside the hero's mark field is left as untouched warm photograph, and nothing else is.",C08,H1,image,"yes — §4's un-effected accent, given a concrete instance",expensive · human,Applies the compositing rule; the anchor is required anyway,EASY,none,an anchor too small to find makes the treatment read as a filter,1,HOME
C-15,"Fill B5's knocked-out letterforms with mono characters, and let the descenders dissolve into the sky.",C08,B5,type,yes — the letters are cut from the photograph they sit in,futuristic · expensive,"Characters inside a knockout is arguably moment 1 a **second** time. Once is a moment, twice is a style. Founder call",MEDIUM,none,double-spends the glyph technique and weakens H1,19,ABOUT
C-16,The audit document plots the visitor's own footprint as hairline cells with word-labelled dots and one rotated axis label. No figures.,C10,free footprint audit (off-site),off-site,yes — it measures the visitor's actual field,technological · clean,"Extends §17.4's audit cover inward. Off-site, so no moment spent",MEDIUM,none,"a plot invites a figure, and one figure turns the document into a claim",40,TOUCHPOINT/OFF-SITE
C-17,"H4's blueprint rules run *past* the struck line to the card's edge, labelled in tiny mono, with the rewrite ghosted as an outline behind.",C11,H4,component,yes — a written rule catching a real line is exactly this section's argument,technological · minimal,"Refines moment 6, already assigned",EASY,none,a busy card fights the struck line's Von Restorff job,3,HOME
C-18,"The artefact card carries its own dimensions in mono, at the same size as its label, so the figure reads as a spec.",C11,H4,type,n/a — instrument texture,technological · expensive,Gives §10's numbers-as-texture rule the form it currently lacks,EASY,none,any figure on the page can be misread as a claim about the company,3,HOME
C-19,"H4 shows **two** overlapping artefact cards, the rear one cropped by the frame's right edge. Depth from overlap, no glass.",C11,H4,layout,yes — the artefact does the explaining a screenshot would,expensive · clean,Fills a real gap: Layer 4 assigns overlapping artefact cards to a role that no section currently carries,MEDIUM,none,two cards blur the single-object clarity H4 depends on,3,HOME
C-20,"Mosaic-dissolve parameters from a live precedent: tiles carry photographic fragments, not solid blocks; sizes vary; they cluster at one corner and thin outward diagonally.",C12,every photograph,image,yes — invariant,expensive · clean,"Specifies the locked edge treatment, which currently cites no source",EASY,none,tiles carrying no photographic content read as confetti,30,SITE-WIDE
C-21,"The mark's hidden cross rendered at enormous scale in uniform bone dots, cropped by the left frame edge, on H7's black ground.",C12,H7,image,"partial — derived from the mark, not from a subject; the chapter has none",futuristic · minimal,"Displaces §17.3's two corner dot fields. Re-renders the cross already assigned to the hairline grid — same shape at two scales, one argument rather than a repeat",MEDIUM,none,a giant cross reads as a plus sign or a Swiss mark unless it is unmistakably the mark's gutter,6,HOME
C-22,**Rejected:** a caption in a full-bleed ground bar abutting the photograph's foot.,"C13, C22",—,layout,"no — it needs a hard photo edge, and the invariant says every photo edge dissolves",—,"Conflicts with the edge invariant. Its only legal home is a bleed edge, which has no boundary to caption",EASY,none,"recorded so it is not reintroduced later as ""just a caption""",50,OTHER
C-23,"The founders' portraits: low angle, sky filling the top third, subject off-centre, warm hillside light, hands holding something real.",C13,B1,image,yes — untreated human,human · expensive,Confirms §1.1's world with a concrete shot list. No moment spent,EASY,none,two portraits made to one recipe can read as a stock set,16,ABOUT
C-24,"H1's accent-filled button sits at the right edge of the black ground on the deck's baseline, so the eye crosses the hand-and-swarm between promise and ask.",C15,H1,layout,n/a — layout,expensive · minimal,Competes with §17.1's comma split for the same real estate. Pick one,EASY,kills the centred hero stack,a wide horizontal gap reads as unfinished above roughly 1600px,1,HOME
C-25,"A full-bleed sky band, no words on it, as the hard cut between H8's black and H9's bone.",C15,H8 → H9 transition,image,"partial — its job is rhythm, not meaning",expensive · human,"Fills the unassigned ""section transition band"" shape in the photography invariants. Costs an **eighth** photographic surface and dilutes the seven-surface restraint",MEDIUM,none,a band with no argument is decoration by the site's own test,7,HOME
C-26,"The wordmark at enormous scale, cropped by the page's bottom edge, in **ink**, as the footer sign-off on every page.",C16,footer,type,n/a — typographic,expensive · minimal,"Must be ink, never accent: Ada's forest green is its whole footer, Beeond's pine is CTA-only. Makes B5's knockout the second giant wordmark, so one of the two must go",EASY,none,spends moment 7's surprise before B5 ever arrives,10,HOME
C-27,"H10's long exposure is panned bottom-left to top-right — the mark's flight line, so the blur is the site's one direction.",C17,H10,image,"yes — the smear is the flowers' real motion, and the direction is authored",human · expensive,"Refines moment 3, already assigned",EASY,none,a directional blur at the close can read as a transition rather than an ending,9,HOME
C-28,"Author the dissolve zone into the shot: the hero photograph must carry a dark, low-detail region on the side the words occupy.",C17,H1 · photography brief,image,yes — the photograph supplies its own boundary,expensive · clean,"De-risks §5's composition and §1.4's accent-on-ground constraint. Changes the brief, not the system",EASY,none,"if the shot misses it, the dissolve becomes a scrim, which is the thing the language forbids",1,HOME
C-29,"Light built from hard square tiles at the grid pitch — the mosaic-dissolve mask run in reverse, so light emerges from the ground by the same physics photographs dissolve into it.",C18,H7 · D2 submitted state · loading,image,"partial — derived from the system, not from a subject; the black chapters have none",futuristic · expensive · clean,"One renderer, two jobs. Displaces §17.3's corner dot fields and competes with C-21 for H7",MEDIUM,replaces gradient mesh with a legal alternative,a glow of any kind is one step from the thing the anti-slop list bans,6,HOME
C-30,"A mono eyebrow preceded by the mark in halftone-dissolve as its bullet, on every section head.",C18,all sections,component,"n/a — the mark, not an effect",technological · minimal,"The logo index warns the stripe cell smears below roughly 30px, so this needs the simplified lockup — still OPEN (§11)",EASY,none,at eyebrow size the mark becomes an unreadable smudge,30,SITE-WIDE
C-31,"Keep moment 4 unspent on the site; spend the double exposure off-site — one soft blended image, one small crisp cream mark, nothing else.",C19,confirmation email · OG / social (off-site),off-site,"partial — fusion is a mood there, not an argument",human · expensive,Leaves §3's reserve intact. C19's pastel register must never appear on the site itself,EASY,none,an off-site surface in a lighter palette starts a parallel identity,40,TOUCHPOINT/OFF-SITE
C-32,"Give the person a real, ordinary reason to be against nothing but sky — a stepladder, a fence post, a low wall.",C21,H1,image,"yes — the low angle becomes reportage, and the object gives the marks a hard edge to register against",human · expensive,Refines §5's staging. Costs nothing,EASY,none,"a prop can tip into whimsy and undercut ""expensive""",1,HOME
C-33,Binding line for the photography brief: no green anywhere near the pine accent may appear in the hero frame.,C21,H1 · photography brief,image,n/a — a constraint,expensive · clean,"Protects the one-accent invariant, which no document currently states against photography",EASY,none,"stated too late, it invalidates a completed shoot",1,HOME
C-34,"The italic falls on the phrase that could be argued with, never on the noun.","C13, C22",all headlines,type,n/a — type,expensive · human,"Refines §8's ""one italic word per headline at most"" into a rule about *which* word",EASY,none,none,50,OTHER
C-35,"The mark's stripe cell — parallel diagonals in a rounded cell — becomes the site's one ""not filled in yet"" texture.",NEW-B24,B1 credential slot · image loading · loading touchpoint,component,"yes — derived from the mark, which already owns this exact texture",technological · minimal · clean,"Spends no moment: the mark is structure, not treatment. Replaces a skeleton shimmer, which is a tell in its own right",EASY,replaces skeleton shimmer,low-contrast hatch on bone can read as a rendering artefact,16,ABOUT
C-36,"Loading: the mark in its cell, neighbouring cells hairline-empty, hatch filling in along the flight-line diagonal as progress.",NEW-B24,loading · favicon fallback,motion,yes — the mark's own cell family,technological · futuristic,"§11 already reserves LOGO-07's halftone-dissolve for loading. This is an **alternative**, not an addition — choose one",EASY,none,"the site should not need a loading state at all, and building one invites using it",40,TOUCHPOINT/OFF-SITE
C-37,**Rejected:** a cell grid of portrait tiles with role labels attached by cursors.,NEW-B24,—,image,no — it stages a team and a permission model that do not exist,—,"Violates no-testimonials, no-personas, no-interface, and A5's rule against anything interface-shaped",EASY,avatar grid · cursor labels,recorded because it is the founder's own reference and may return as a request,50,OTHER
L-01,"Display line fades to `muted` at the clause naming the discarded thing; ink returns for the clause that survives. Tone, not colour, carries emphasis.",L01 · L06 · L08 · L09 · L25,H7 · A3 phase heads,type,n/a — the law governs effects over photographs; this is typographic,minimal · expensive,"Uses the existing `muted` token. No moment spent, nothing displaced. Second emphasis mechanism beside the one italic word",EASY,none,Muted at display scale can read as disabled rather than de-emphasised,6,HOME
L-02,"H7's four rows sit above an empty fifth: ruled, labelled with nothing, at the position the Beeond row would occupy. The gap is the argument.",L19,H7,layout,"yes — derived from the section's own thesis, not applied to it",expensive · minimal,"No moment. Uses the hairline rows §4 already specifies. Displaces nothing; makes H7's ""loud by subtraction"" literal",EASY,none — it inverts the comparison-table cliché,Reads as an unfinished row unless rule weight and the empty label slot are deliberately set,6,HOME
L-03,"H10 is the same place and light as H1, later: hand gone, swarm gone, only the field and the sky. The page closes where it opened.",L16 · L20 · L22 · L19,H1 + H10,image,"yes — same world, same subject, time passed",human · expensive,"**Displaces moment 3** (motion blur) at H10, or absorbs it by blurring that same field. One shoot serves both",MEDIUM,none,Two frames too alike read as a repeat rather than a return,1,HOME
L-04,The swarm's dissolve tail reappears in H10's sky: three or four isolated marks at the sparsest density on the site. Nothing resolves.,L20 · L16,H10,image · motion,"yes — same swarm, end of its flight",futuristic · human,"**Budget conflict, stated:** a second appearance makes the glyph field a *style*, not a moment. Nothing else displaced",EASY — renderer exists,none,"Devalues the hero's uniqueness; ""once = a moment"" is the rule it spends",9,HOME
L-05,"Hero alternate: both participants cropped by the frame. A hand enters bottom-right, the swarm top-left, meeting in the empty middle. No full person.",L11 · L21 · L12 · L13,H1,image,yes,futuristic · human · expensive,"Alternate composition to §5, same concept and same moment 1. Drops the hero portrait: photographic surfaces fall from seven to six",MEDIUM,none,"Loses the face, the site's strongest humanity signal — and About then carries all of it",1,HOME
L-06,"Shoot the hero person from behind or three-quarters away, face not legible: a real person, no readable identity.",L22,H1,image,n/a — art direction,human,No change to any moment. **Directly answers the §12 risk**: a generated face that reads as a testimonial,EASY,none,A face turned away can read as evasive on a site whose claim is transparency,1,HOME
L-07,"Put the bee on the person's sightline, not only near the hand — the gaze gives the frame a vector the hand alone does not.",L02,H1,image,yes,human · expensive,Refines §5's composition. No displacement,EASY,none,Constrains the shoot: gaze and hand must agree in both crops,1,HOME
L-08,"The split headline runs top-left → bottom-right, against the mark's bottom-left → top-right flight line. Invert the split, or adopt the counter-motion deliberately.",L20 · L03,H1,type · layout,n/a,technological,"**Refines §17.1**, which proposed the split without noticing the axis conflict. A decision, not an addition",EASY,none,"Left unresolved, the hero's two strongest axes fight and neither reads as authored",1,HOME
L-09,"The ask sits at the terminus of the sentence: button under the second half of the split headline, where the eye stops.",L20,H1,layout · interaction,n/a,expensive,Refines §17.1. **Collides with L-24** — the hero's low corner cannot hold both the CTA and the instrument rail,EASY,none,Bottom-right placement stacks awkwardly at the mobile crop,1,HOME
L-10,"Mark every hairline-grid intersection with a small `+` — the mark's own hidden cross, exposed where the column rules meet.",L23,every chapter,component · layout,yes — the mark supplies the geometry,minimal · technological · expensive,No moment. Extends the hairline grid the language already exposes. Displaces nothing,EASY,none,"At density it becomes graph paper, which is a different reference's look (L18)",30,SITE-WIDE
L-11,"The cross is the list bullet: items prefixed by the mark's cross at mono size in the hairline colour, never a dot or a dash.",L25 · L23,H6 · H9 · D4 · A1,type · component,yes — mark-derived,minimal · technological,"No moment. With L-10, the cross becomes the site's one repeated small glyph",EASY,none,"A plus reads as ""add"" by UI convention; it must never sit next to anything interactive",5,HOME
L-12,"Draw hairline rules as rows of tiny marks at the mark grid's own pitch, so the rules obey the same grid as the fields.",L23,every chapter,component,yes,technological · minimal,"No moment. Refines the hairline token's rendering, not its role",EASY,none,"Dotted rules at sub-text contrast can shimmer on scroll; must stay decorative, never a border or focus ring",30,SITE-WIDE
L-13,"Park the section heading in the far-left margin, stacked in short lines, with the rows in the reading column beside it.",L16 · L17 · L23,H9 · D4 · H6 · H7,layout,n/a,expensive · minimal,"No moment. Uses the empty left column the hairline grid already exposes. The corpus's dominant list species, three independent sources",EASY,none,"Must collapse the heading above the rows at narrow widths, or the measure breaks",5,HOME
L-14,"Number the three stepped blocks with small raised mono ordinals, not display figures.",L16 · L20 · L23,H3 · A1 · A3,type,n/a,technological,Satisfies §10's numbers-as-texture rule exactly: an ordinal cannot be mistaken for a claim. No moment,EASY,none,None material,2,HOME
L-15,"Let the artefact card shed mosaic tiles at its edge, like every photograph on the site. The card dissolves into the ground rather than stopping.",L22,H4,image · component,yes — the same physics as the mark rule,expensive · futuristic,**Conflicts with an invariant**: the shape table binds the artefact card to a hard rectangle at the system radius. Founder call,MEDIUM,none,A dissolving card looks damaged rather than composed if the tile size is wrong,3,HOME
L-16,"The card crops its field hard on two edges and dissolves it on the other two, so the card reads as a window onto a larger field.",L05,H4 · D2 surface,image · layout,yes,expensive · futuristic,No moment; a compositing rule for wherever a field meets a card. Pairs with L-15,MEDIUM,none,"Needs a field large enough that the crop reads as continuation, not as a cut-off",3,HOME
L-17,"The hero swarm's mark is a directional glyph aligned to the flight line, not a round dot — the marks point where the swarm is going.",L06,H1,image,yes — bees fly; the mark's stripes *are* flight lines,futuristic · technological,"Specifies moment 1's mark shape, which §5 left open. No displacement",EASY — renderer parameter,none,Too regular and the field reads as chevron UI decoration,1,HOME
L-18,"The dot screen's mark is the mark's own cross, not a circle — so Beeond's halftone is not a generic halftone.",L10 · L23,H5 set-piece,image,yes — mark-derived,futuristic · technological · expensive,"Specifies moment 2's mark shape, which §6 left open. No displacement",EASY,none,Crosses at fine pitch flatten the tonal range circles give; the flower's opening may lose its mid-tones,4,HOME
L-19,"Type may sit in a field's dissolve tail, where ground dominates and only isolated marks remain — a stated, measured exception to ""type never on the image"".",L10,H1 · H10,type,n/a,expensive,"**Refines an invariant** rather than breaking it: the dissolve tail is ground, not image. Needs a measured contrast floor",EASY,none,Per-pixel contrast varies; without a measured floor it fails WCAG in exactly the loudest places,1,HOME
L-20,"H7's corner fields enter as stepped masses quantised to the grid, not as soft-thinning clouds — the mark's staircase, as a boundary.",L18 · L23,H7,image,"partial — compositional, the chapter has no subject",futuristic · minimal,**Refines §17.3.** The language already permits a stepped silhouette clip as the one hard boundary,EASY,none,§17.3's own honest note stands: nothing here is derived from a subject,6,HOME
L-21,"Give H7's dot field a subject: a real horizon from the site's own world, converted to marks, so the rows sit above a real place.",L23,H7,image,yes — conversion of a real photograph,futuristic · human,"Spends the dot screen a **second** time (H5 + H7): a style, not a moment. Alternative to L-20's abstraction",MEDIUM,none,A horizon in the comparison chapter can read as scenic filler under an argument,6,HOME
L-22,"Set the trust line as a caption interrupting a full-width hairline, rather than as a line of text under the button.",L08,D2,layout,n/a,minimal · expensive,No moment. The rule stays decorative and carries no information,EASY,none,None material,21,ASK
L-23,"The artefact card holds only the artefact. The written rule that killed the line sits outside it, on the ground beneath. One job per cell.",L14 · L15 · L16,H4,layout,n/a,minimal · expensive,No moment. Applies the brief's own §5 rule to the section that most tempts a caption inside the frame,EASY,none,"Separating the rule from the card can weaken the ""one artefact"" reading",3,HOME
L-24,"Pin the instrument rail to the bottom edge of the hero's black ground: local time at one end, the scroll cue at the other, nothing between.",L04 · L09,H1,component,n/a,technological · expensive,Places §10's device precisely; adds nothing. **Collides with L-09** if the CTA also sits low,EASY,none,"Two references agree on the placement, and one of them is the corner the CTA wants",1,HOME
L-25,"A full-bleed transition band between H1 and H3 where the hero's tiles scatter and settle into bone — the ground change, made visible once.",L13 · L03,H1 → H3,motion · layout,yes,futuristic · expensive,"**Conflicts with §1.5**: ground changes are hard cuts, no gradients between chapters, ever. Uses the shape table's unassigned ""section transition band""",MEDIUM,none,"Softens the one rule that makes chapters read as chapters, and it is the site's first scroll event",1,HOME
L-26,"The mark's single cell as section punctuation: small, centred above a chapter head, once per page.",L08 · L22,Approach chapter heads,type · component,n/a,minimal · human,No moment. Uses the locked mark at its smallest legible size,EASY,none,Ornament the moment it appears more than once on a page,50,OTHER
L-27,"Off-site: social templates use a total-conversion glyph landscape — a whole real scene rebuilt in marks, which the site itself never does.",L03 · L18,LinkedIn / social templates (**off-site**),off-site · image,yes — converted from a real photograph,futuristic · expensive,Spends no site moment. But it makes total conversion a known Beeond look the site then cannot use fresh,MEDIUM,none,"The off-site look outpaces the site's, and the first impression arrives off-site",40,TOUCHPOINT/OFF-SITE
L-28,"The confirmation email's only image is the mark in its halftone-dissolve construction, cropped by the top edge. Text-only fallback beneath.",L05 · L22,confirmation email,component · off-site,yes,minimal · expensive,"Uses LOGO-07, which §11 already earmarks for loading and favicon. Adjacent to §17.4's audit cover, not a replacement",EASY,none,"Mail clients strip, darken or block images; the email must read complete without it",40,TOUCHPOINT/OFF-SITE
L-29,"404 uses the instrument layer to say the address has no section: the running head shows an empty index slot. One serif line, one outlined button.",L09 · L20,404,component · type,n/a,technological · minimal,"Consistent with §11's 404 (no joke, no illustration). No moment",EASY,none,Cleverness creeping into a page whose brief says be plain,40,TOUCHPOINT/OFF-SITE
L-30,"The bee is never a rendered character. It exists only as the density peak of the mark field, and it is legible as a bee for one moment only.",L25 · L11 · L21,H1,image,yes — the swarm coordinating *is* the subject,futuristic · human · clean,"Guardrail on moment 1, not an addition. Names the failure mode the founder's ""half-bee, half-robot character"" note could land in",EASY — a decision,**avoids** the mascot tell,"If the density peak never resolves, the founder's asked-for bee is not delivered at all",1,HOME
X-01,"Hero as an asymmetric two-voice split: display block left at roughly three-fifths, deck in the second face right, top-aligned to the headline's last line. Never centred.",board-1-anthropic,H1 · A1,layout,n-a,expensive · clean,Sits under §17.1's corner split as the fallback if the split reads gimmicky; uses no moment; displaces nothing,EASY,none — it is the inverse of the centred-hero tell,Two competing hero layouts reach the founder unless one is marked the fallback,1,HOME
X-02,"Emphasise a display line by underlining a two-word phrase rather than italicising one word, at a weight heavy enough to read as editorial rather than as a link.",board-1-anthropic,"H1 or H7, once",type,n-a,expensive · human,"**Conflicts** with §8's ""one italic word per headline at most""; adopting it displaces italic emphasis for that headline",EASY,none,Two emphasis systems on one site reads as indecision; pick one and state it,1,HOME
X-03,"Antique natural-history specimens (moths, bees) arranged as an arc on a warm paper-textured plate, one serif line beneath — the audit cover and the confirmation email header.",board-1-anthropic,audit document · confirmation email,off-site,n-a,human · expensive,Extends §17.4's pressed-flower cover; the arc and the insect subject are new; nothing on-site changes,MEDIUM,none,Specimen plates are period imagery; too many and the brand reads antiquarian rather than futuristic,40,TOUCHPOINT/OFF-SITE
X-04,"The hero's sub-line is a ledger row: deck flush left, the instrument stamp (visitor-local time · ""(Scroll)"") flush right on the same baseline.",board-2-linear,H1,layout,n-a,technological · minimal,"Refines §10, which placed the stamp loosely ""in the corner""; binds it to a baseline instead",EASY,none,A right-hand element at hero scale can read as a second call to action if it is ever a link,1,HOME
X-05,"A hairline divider in the nav between the two page links and the ask, so the button is visibly a different class of thing, not a third link.",board-2-linear · board-11-resend,nav,component,n-a,clean,"Hairline used as decorative structure only, never on the control itself — inside the Layer 1 rule",EASY,none,None,0,HOME
X-06,"Author the emptiness: mark density is highest at the outer frame edges and thins toward the type, so the centre is emptied deliberately rather than left over.",board-3-family · board-9-igloo,H1 · H7,motion,yes,futuristic · minimal,"States the density gradient §17.3 implies; same renderer, no new asset",EASY,none,None,1,HOME
X-07,Decide the swarm's alphabet: many characters (the ASCII register the founder names) or one repeated glyph varied only by scale and density. One glyph reads cleaner and colder.,board-3-family · board-10-lusion · LOGO-03,H1 renderer,image,yes,futuristic · technological,"Moment 1 is written as ""characters that inherit colour"", which presumes a set; a single-glyph field is a variant of it, not a new moment",MEDIUM,none,"Unnamed, this gets decided by whoever writes the renderer rather than by the founder",1,HOME
X-08,The Approach page separates its blocks with vertical space alone — no hairline rules — and indents the reading column from the left margin instead of centring it.,board-4-emilkowal,A1 · A3,layout,n-a,minimal · human,"**Displaces** hairline rows on Approach only; Home keeps them, so the two pages read as page and document",EASY,none,Space-only separation collapses on mobile unless the scale steps are large,11,APPROACH
X-09,"Label and line as a two-tone pair at one size: label in ink, its sentence in muted, no size change and no weight change.",board-4-emilkowal,H6 · D4 · A1 contents,type,n-a,clean · minimal,Uses the existing ink and muted tokens; both measure AA or better on both grounds,EASY,none,None,5,HOME
X-10,"Motion floor: 200ms ease-out standard, 300ms ceiling, opacity as the reduced-motion fallback, and the mosaic dissolve driven by an animated clip-path rather than per-tile opacity.",board-4-emilkowal · `emilkowal-animations`,global · D2 submit,motion,n-a,clean,Implements Layer 1's asymmetric easing and §7's five rules with real numbers; contradicts nothing,MEDIUM,none,Animating a large clip-path can cost more than it saves; measure before the form dissolve ships,21,ASK
X-11,"The form's two fields as underline-only inputs — no box, no fill — the rule thickening from muted to ink on focus.",board-5-godly,D2,component,n-a,minimal · expensive,"Honours ""no borders""; **conflicts** with the Layer 1 rule that hairlines never sit on a control, so the underline must be muted or ink, never the rule token",EASY,none,An underline-only field is a known accessibility risk for field-boundary perception; needs a visible focus ring regardless,21,ASK
X-12,"Reject-if: a participation count sits under a capture form (""271 people subscribed yesterday"").",board-5-godly,D2 · footer,reject-if,n-a,—,The NEVER list bans numbers as claims; this is the exact shape it takes on a form,—,social-proof count,—,10,HOME
X-13,Alternative to the knockout close: the wordmark rendered as a dot field on true black rather than cut out of a sky photograph — no wordmark face needed.,board-6-basement · LOGO-07,B5,image,partial,futuristic · technological,Would spend moment 2 twice unless it replaces moment 7; **the wordmark face is OPEN either way** (§8),MEDIUM,none,Dots as the site's second and third appearance make dots the style rather than the moment,19,ABOUT
X-14,The scroll cue is spent once: it fades on the first scroll event and never returns for the session.,board-6-basement,H1,interaction,n-a,clean,Extends the Form & Found craft detail the language already keeps in reserve,EASY,none,None,1,HOME
X-15,"The mark's stripe cell becomes the scroll device: a short row of diagonal bars beside the running head, filling one at a time as the section index advances.",board-7-rauno · LOGO-final-black,"running head, all pages",component,yes,technological · futuristic,"Answers §2's open ""the mark as scroll-progress device""; adds a graphic to §10's index rather than a new number",MEDIUM,none,"A progress device that moves on scroll competes with rule 3, ""one thing at a time""; it must be small enough to read as an instrument",30,SITE-WIDE
X-16,"Ledger rows: the row's first term flush left, its counterpart flush right, one baseline, hairline beneath, nothing centred.",board-7-rauno · board-12-mercury,H7 · H9 · D4,layout,n-a,clean · expensive,The four hairline rows at H7 and the five Q&A rows already exist; this fixes their internal alignment,EASY,none,None,6,HOME
X-17,"A card's onward route sits as a flat full-width strip at the card's foot, no button chrome, the whole strip the target.",board-7-rauno,H4,component,n-a,clean,"H4's route to Approach is currently an underlined sentence; this is the alternative, and only one may exist",EASY,none,"A full-width strip inside a card can read as a button, which the in-body route rule forbids",3,HOME
X-18,"The instrument line sits directly above the H1, mono, muted, one line — the position Stripe gives a live metric, carrying time and index only, never a company figure.",board-8-stripe,H1,type,n-a,technological · expensive,"Refines §10's running head placement for the hero specifically; the ""never a figure"" clause is the NEVER list restated",EASY,none,One digit that could be read as a company number turns the whole device into a claim,1,HOME
X-19,"Tonal emphasis in one face: the headline's first clause in ink, the remainder in muted, no weight change and no second colour.",board-8-stripe · board-11-resend,H1 · H7 · H10,type,n-a,expensive · minimal,The clean answer to Instrument Serif having no bold; uses only existing tokens,EASY,none,"Muted measures AA, not AAA; a long muted clause at display scale needs a contrast check",1,HOME
X-20,"Corner-anchored mono caption blocks at the corners of a full-bleed image, carrying words only — never figures, never a leader line into the subject.",board-9-igloo,H1 · H10,type,n-a,technological · expensive,"Not one of the seven moments; a type behaviour, so it spends nothing",EASY,none,Four corners of text around one photograph is one step from an interface; two corners is the ceiling,1,HOME
X-21,"The survey overlay works at landscape scale, not only on a card — if it is adopted, H10's meadow is a second candidate site for it alongside H5.",board-9-igloo,H10,image,yes,technological · human,§17.2 proposes the survey layer and says taking it costs the unspent double exposure; this only adds a placement option,MEDIUM,none,Two survey placements makes it a style rather than a moment,9,HOME
X-22,"The pinned set-piece as a framed inset field: margin on all four sides, the dot field dissolving inward before it reaches the edge, so the frame is negative space, never a border.",board-10-lusion,H5,layout,yes,expensive · minimal,"Alternative to §6's full-bleed canvas; the inward dissolve keeps the edge physics, so no invariant breaks",MEDIUM,none,An inset field reads as a card if the dissolve is too tight to the edge,4,HOME
X-23,"The dark chapters are never flat: a static, very low density particle field in surface value over true black, felt rather than seen — the same particle as the hero swarm, at rest.",board-11-resend · LOGO-03,H1 · H7 · H8,image,yes,futuristic · expensive,"Cheaper alternative to §17.3's corner dot fields, and derived rather than compositional; keeps true black load-bearing because the particles sit above it, not in it",EASY,none,Below a certain density it is invisible and above it the black stops being black; one number decides both,1,HOME
X-24,"Confirmed pairing: display serif at large scale in warm off-white on true black with the grotesk deck in muted directly beneath, primary action low-contrast and small.",board-11-resend,H1 · H7,type,n-a,expensive · minimal,"Already the language's own pairing; this is evidence it holds at hero scale, not a new proposal",EASY,none,None,1,HOME
X-25,"Reject-if: an announcement or version pill sits above the headline, especially one with a gradient or iridescent border.",board-11-resend · negative-2-nexus,H1,reject-if,n-a,—,"The NEVER list bans ""coming soon"" and status statements; the pill is its visual form",—,glass / gradient pill,—,1,HOME
X-26,"A real footnote apparatus on Approach: superscript markers in the prose, notes set in mono at the foot of the page under a hairline.",board-12-mercury,A3 · A4 · A5,type,n-a,human · expensive,"Makes ""a document one person sends another"" structural rather than asserted; no image, so A5's no-rectangle rule holds",EASY,none,"Footnotes invite claims; every note must be a qualification, never a statistic",12,APPROACH
X-27,"Reject-if: a capture control floats over a photograph, or any text sits on an image.",board-12-mercury,H1 · D2,reject-if,n-a,—,Layer 1 already forbids text on photography; this names the specific composition that breaks it,—,frosted capsule over hero photo,—,1,HOME
X-28,"Reject-if: one centre axis carries a glowing app-icon tile, an uppercase eyebrow, the headline, the deck and the button, with an italic serif tail on a grotesk line.",negative-1-landio,H1,reject-if,n-a,—,Beeond's italic is inside its own display face and carries meaning; the tell is italic serif bolted onto a grotesk as an AI signal,—,centred hero · logo glow,—,1,HOME
X-29,"Reject-if: the accent appears more than twice — a status pill, a coloured word inside the headline, the button and a control all in one hue.",negative-2-nexus,any,reject-if,n-a,—,"Layer 1 allows the accent on the primary call to action only, at most twice per page",—,acid accent · glass nav pill · grid mesh,—,50,OTHER
X-30,"Reject-if: a row of icon-and-text reassurance items under the buttons, or three pastel cards carrying large figures.",negative-3-omrix,D2 · H6,reject-if,n-a,—,D2's trust line is one line of mono under the button; three iconed items is the drift to guard,—,three-equal-card bento · trust row · tilted dashboard,—,5,HOME
X-31,"Reject-if: humans arrive as an illustrated cast standing in a row, or the ground is a saturated brand colour with a line-art world drawn on it.",negative-4-hiview,any,reject-if,n-a,—,"The most dangerous of the four for Beeond, whose whole claim is that a named person signs off",—,illustrated cast · glass nav bar · logo strip,—,50,OTHER
X-32,"The bee the swarm resolves into is the mark's own silhouette read at photographic scale — small cell as head, two chamfered cells as wings, stripe cell as the striped abdomen.",LOGO-final-black · LOGO-09 · LOGO-14,H1,image,yes,futuristic · human,"Answers the founder's half-bee character without drawing a character; **brushes ""mark-as-real-object""**, which Layer 3 lists as not used — the defence is that the swarm resolves *into* the silhouette rather than the mark being placed in the world",MEDIUM,none,"If it reads as the logo dropped into the photograph, the hero becomes an advertisement for the mark",1,HOME
X-33,"Derive the system radius and gutter from the mark: the filleted corner radius as a ratio of one cell width, the gutter from the mark's own cross-shaped negative space.",LOGO-final-black · `_index-logo` Part 2 · LOGO-14,global tokens,layout,n-a,expensive · clean,Layer 1 requires one radius and one gutter but never says where the number comes from; this makes both trace to the locked asset,EASY,none,The mark's radius may be optically wrong for a 900px card; check at both extremes before locking,30,SITE-WIDE
X-34,"Loading and route change: the mark assembles from scattered dots travelling along the flight-line diagonal, the stripe cell resolving last. Reduced motion shows the settled mark only.",LOGO-07,loading · route transition,motion,yes,futuristic · technological,§11 already names the halftone construction as the loading device; the travel direction and the resolve order are new,MEDIUM,none,A loader the site does not need is a loader that only ever delays it,40,TOUCHPOINT/OFF-SITE
X-35,"One dot pitch site-wide: the set-piece, any dot field and the mark's own halftone share a single grid pitch, so three appearances read as one system.",LOGO-07,global renderer,image,yes,technological · clean,Layer 4b already fixes pitch across frames; this extends the same constant across surfaces,EASY,none,A pitch that suits the mark at 40px will be far too coarse for a full-bleed canvas; it may have to be one ratio rather than one number,30,SITE-WIDE
X-36,"The fine mesh as a ground material for a single section-transition band — neutral, no photograph beneath it, the grid as fabric rather than as an overlay.",LOGO-06,section transition,image,n-a,expensive · minimal,"Moment 5 is a photograph shot *through* a physical mesh; this is the mesh as a surface, which spends no moment",EASY,none,"Nothing derives it from a subject, so it is decoration by the law's own test unless it stays a material",40,TOUCHPOINT/OFF-SITE
X-37,"The swarm's rendering rule, proven on the mark: one particle, and density is the only variable. Sparse is ground and sky, dense is subject, and nothing else changes.",LOGO-03,H1 · H7,image,yes,futuristic · minimal,Turns §2's sentence into a renderer constraint; satisfies the compositing rule that marks stay opaque and the ground reads through the gaps,MEDIUM,none,A single particle at one size can read as noise rather than as a swarm; scale may have to vary with density,1,HOME
X-38,"Ship the mark flat: ink on bone, warm off-white on black, no glow and no drop shadow, which means the supplied glow and shadow variants are not site assets.",LOGO-05 · LOGO-08 · LOGO-09 · LOGO-10,global asset rule,component,n-a,clean · minimal,Layer 1 forbids drop shadows outright; three of the seventeen supplied files carry one,EASY,none,None,30,SITE-WIDE
X-39,"The mark is the frame's un-effected anchor: wherever it sits over a treated image it stays flat and opaque, and it is the one place the eye lands.",LOGO-12,any image carrying the mark,image,yes,expensive · clean,"Satisfies the compositing rule ""one un-effected anchor per frame"" with an element the site already owns",EASY,none,"If the mark is the anchor everywhere, it appears on more photographs than the restraint budget wants",50,OTHER
X-40,"High-key threshold portraiture — a figure blown to near-white silhouette against grey, the mark the only black shape — for the social and email templates, never for the founders.",LOGO-12,LinkedIn / OG template · confirmation email,off-site,partial,expensive · human,"Draws on the reserve's ""high-key threshold posterization""; **conflicts** with §12's rule that founder portraits keep skin, so it is barred from B1 and A4",MEDIUM,none,Off-site imagery that looks nothing like the site is a second brand,40,TOUCHPOINT/OFF-SITE
X-41,"Footer sign-off: the mark at large scale as hairline outline only, ground on ground, an engraving rather than a logo.",LOGO-13,footer,component,n-a,expensive · minimal,"Hairline as decorative structure, not a control — inside the Layer 1 rule",EASY,none,"Below a certain contrast it disappears entirely on a dimmed display, which is acceptable for a watermark and not for a logo",10,HOME
X-42,"Favicon, two options with the tension named: the chamfered cell alone, or the small heptagon alone. Both survive 16px; the full mark does not.",LOGO-final-black · `_index-logo` Part 2 · LOGO-11,favicon,component,n-a,clean,§11 lists the favicon as OPEN and founder-owned; this narrows it to two candidates and nothing more,EASY,none,"Reversible — a favicon costs minutes to change, so this is the cheapest open item on the list",40,TOUCHPOINT/OFF-SITE
X-43,"Register the mark to the column grid: it occupies exactly one grid cell in the nav and in the footer, and the exposed hairline rules run through its own gutter.",LOGO-15,nav · footer · global,layout,n-a,clean · expensive,The founder's own applied mockup already shows the mark set inside visible thirds guides; the invariant grid does the rest,EASY,none,None,0,HOME
X-44,"The circled numeral and a corner spec block as the instrument device: section index, Approach chapter anchors, the audit's plate numbers.",LOGO-16,running head · A1 · audit document,component,n-a,technological · expensive,"Gives §10's bare numerals a form; the numerals are indices, not claims, so the NEVER list is untouched",EASY,none,"A circled numeral beside a numeric index is one numeral too many; pick the ring or the slash form, not both",11,APPROACH
X-45,Reject-if: the azure and navy palette from the palette board is treated as the site's colour.,LOGO-16 · LOGO-14 · LOGO-15,any,reject-if,n-a,—,"Layer 1 is neutral and photography owns colour; blue arrives as sky in a photograph, never as a fill",—,cool SaaS blue,—,50,OTHER
X-46,Reject-if: the engraved-glass card is reproduced on screen with blur and transparency.,LOGO-13,any,reject-if,n-a,—,The reference is a real material photographed; the CSS imitation of it is the named tell,—,glassmorphism,—,50,OTHER
X-47,Reject-if: the mark is composited into a photograph as a physical object in the world.,LOGO-11 · LOGO-12,any,reject-if,n-a,—,"Layer 3 lists mark-as-real-object under ""not used""; X-32 is the one permitted adjacency and it is a silhouette, not an object",—,none,—,50,OTHER
S-01,Ground changes stop being straight cuts: bone and black interlock in a one-row-deep band of mosaic tiles along the flight-line diagonal.,`speakeasy-FOUNDER-PICK-fullpage.png` · `speakeasy-desktop-full.png`,every chapter boundary (ground map §1.5),layout,yes,expensive · technological,"No conflict — the invariant already says *every photo edge is a mosaic dissolve*; this extends the same physics to the ground boundary, so it is through-line, not a moment. Spends no moment. Displaces nothing.",MEDIUM,none,a dissolve band at every boundary could read as a repeating decorative frieze if the tile scale is not tied to the radius token,30,SITE-WIDE
S-02,"H7's four rows carry an ink hierarchy: one option at full ink, the other three at muted, each with a small mono superscript index.",`rzlt-desktop-full.png` · `oriol-desktop-full.png`,HOME H7 What you're choosing between,type,n-a,minimal · expensive,"No conflict. Loud by subtraction, which is what H7 already is. Spends no moment and no accent. Displaces the flat four-row treatment in brainstorm §4.",EASY,none,"ink-value hierarchy is an argument made by weight, so a founder who wants all four options read as equals will lose that reading",6,HOME
S-03,"H7 row anatomy: the option's name right-aligned at the row's top, its one consequence line left, hairline under, mono tag at the row's foot.",`basement-desktop-full.png`,HOME H7,layout,n-a,technological · clean,No conflict — hairline rows are already the section's form. Works with S-02. Displaces nothing; refines the row's interior.,EASY,none,"a right-aligned name over a left-aligned line needs a wide viewport, so the two collapse into one stack early on mobile",6,HOME
S-04,"A4: Yarden's blob crop set inline, at x-height, *inside* the sentence that says a person signs off — not beside it in the margin.",`oriol-desktop-hero.png`,APPROACH A4 A person signs off on it,image · type,yes,human · expensive,No conflict — the shape is still the mark's heptagon-derived blob and the dial is still edge-physics only. Spends no moment. Displaces the margin figure in brainstorm §4.,MEDIUM,none,"an inline figure inherits line-height, so a portrait small enough to sit in text may be too small to read as a person",13,APPROACH
S-05,"Footer: the wordmark at display scale, cropped by both frame edges, in the hairline value, with the year alongside in mono.",`basement-desktop-full.png` · `speakeasy-FOUNDER-PICK-fullpage.png` · `speakeasy-desktop-full.png` · `jasper-desktop-full.png`,footer (every page),type · component,partial,expensive · minimal,"Needs the wordmark face, which is **OPEN** (brainstorm §8). Not moment 7 — that is a knockout *in a photograph* at B5; this is type on ground. The year is a number as texture, not a claim.",EASY,none,"a giant wordmark on every page is a second cropped-letterform event, so B5's knockout has to stay clearly louder or the moment budget is quietly broken",10,HOME
S-06,"Home's footer returns to the hero's black instead of bone, so the page opens and closes on one ground.",`mailchimp-desktop-full.png` · `speakeasy-FOUNDER-PICK-fullpage.png` · `basement-desktop-full.png`,HOME footer · ground map,layout,n-a,expensive · clean,No invariant conflict — ground alternates by chapter and this makes the footer its own chapter. **Displaces** the bone footer in brainstorm §1.5.,EASY,none,"the meadow at H10 dissolves *into bone*, so a black footer directly beneath it puts a hard cut where the page's warmest moment ends",10,HOME
S-07,"H6 becomes a hairline-ruled table of cells, one covered item per cell, so coverage reads as an index rather than four paragraphs.",`basement-desktop-full.png` · `alefalefalef-desktop-full.png`,HOME H6 What's covered,layout,n-a,technological · clean,"Sits on the ""hairlines expose the column grid, carry no content"" invariant. **Partial risk of conflict** with *no borders*: the rules must read as grid exposure, never as a boundary around a control. Displaces the four-column list.",EASY,none,"a full grid of hairlines is one step from a bordered table, which the invariant forbids, so the read has to be checked at every breakpoint",5,HOME
S-08,H9 and D4 pin the section title in the left column while the five Q&A rows run down the right.,`speakeasy-desktop-full.png` · `jasper-desktop-full.png`,HOME H9 · ASK D4,layout,n-a,clean · minimal,"No conflict. Rows stay open, not accordions — both references use accordions and Beeond does not. Displaces the stacked title-above-rows arrangement.",EASY,none,"a pinned title beside rows invites `position: sticky`, which would add a second pinned element and break the one-set-piece rule",8,HOME
S-09,"Each Q&A row carries a mono circled index at the outer edge, so five rows read as a numbered set.",`alefalefalef-desktop-full.png`,HOME H9 · ASK D4,type,n-a,technological · futuristic,"Numbers as instrument texture, which brainstorm §10 permits by name; no figure could be mistaken for a claim. Displaces nothing.",EASY,none,"circled numerals are a font-dependent glyph, so drawing them as text risks a fallback that ships a rectangle",8,HOME
S-10,The running head becomes a persistent outer-margin rail of mono chapter labels rather than a fixed bar across the top.,`alefalefalef-desktop-full.png` · `da-magazine-desktop-full.png`,"every page, instrument layer",component,n-a,technological · futuristic,"**Already proposed** (brainstorm §10, as a running head). New: it is a *rail in the outer margin*, evidenced twice, and it is the element that mirrors most cleanly.",MEDIUM,none,"a margin rail needs a margin, so at narrow widths it has to become the top-bar version and the two states must agree",30,SITE-WIDE
S-11,"H3's three stepped blocks each carry a mono index; hairline elbow links run between them, on the 45° diagonal only.",`speakeasy-FOUNDER-PICK-fullpage.png` · `rzlt-desktop-hero.png`,HOME H3 How the work gets done,layout · type,partial,technological · clean,"The diagonal is the mark's own flight line, so the connector is derived from the mark rather than drawn. Spends no moment. Adds to the stepped layout in brainstorm §4.",EASY,none,"connector lines between blocks read as a flow diagram, which is the nearest thing on this site to a product illustration",2,HOME
S-12,404: the swarm scattered across the field and never resolving into the bee — the one page where the marks stay marks.,`speakeasy-desktop-hero.png`,404 touchpoint,image · motion,yes,futuristic · technological,"Uses the hero's glyph renderer with no mask, so no new asset and no new moment. **Displaces** brainstorm §11's bare 404 (bone, one serif line, outlined button).",MEDIUM,none,"a 404 that is more interesting than a section is a page you want people to find, which is the wrong incentive",40,TOUCHPOINT/OFF-SITE
S-13,"The glyph subject can be drawn on bare ground with no photograph beneath it, cropped hard by two frame edges.",`speakeasy-desktop-hero.png`,"HOME H1 hero, as an alternate",image,partial,futuristic · minimal,"**Related to already-proposed** §17.1. Honest note: with no photograph there is no subject to derive from, so this is the weakest of the set on the law and is offered as an alternate, not a replacement for the hero.",MEDIUM,none,"removing the photograph removes the human, and the through-line's constant is the human, not the marks",1,HOME
S-14,"Mobile is art-directed by removal, not reflow: fewer cells, and a page shorter than desktop rather than twice its length.",`basement-mobile-full.png` · `basement-desktop-full.png` · `jasper-mobile-full.png` · `speakeasy-mobile-full.png`,"every page, mobile",layout,n-a,expensive · clean,"No conflict, and it is the same discipline as the second hero crop in brainstorm §5. Displaces nothing; it is a rule for how every section shortens.",MEDIUM,none,"removing cells on mobile means two content sets to keep in agreement, and they drift",30,SITE-WIDE
S-15,"D2 alternate: the whole ask on one row — two fields and the accent submit in a single band, so the form is one line.",`alefalefalef-desktop-hero.png`,ASK D2 the form,component,n-a,minimal · clean,"**Displaces** the two tall stacked fields in brainstorm §11. Offered with the reason it may lose: tall full-width targets are the Fitts's-law answer on mobile, and this is the page that must not fail there.",EASY,none,"a one-row form has nowhere to put a per-field error message without shifting layout, and CLS must be zero",21,ASK
S-16,"B1: shoot both portraits at identical distance, lens and light, so the pair reads as one specimen sheet rather than two photographs.",`da-magazine-desktop-full.png`,ABOUT B1 Adam and Yarden,image,n-a,human · expensive,No conflict — a constraint on the only assets no engine can produce (brainstorm §12). Displaces nothing; it is a line for the photography brief.,EASY,none,"matching two portraits taken on different days is a real production constraint, and About cannot ship without them",16,ABOUT
S-17,H8 is the site's quietest ask: one line and the outlined button at the smallest size the target minimum allows.,`basement-desktop-full.png` · `speakeasy-FOUNDER-PICK-fullpage.png` · `jasper-desktop-full.png` · `mailchimp-desktop-full.png`,HOME H8 the ask beat,layout,n-a,expensive · minimal,"No conflict — H8 stays a section and stays a button, so nothing is cut. Weight, not distance, ranks it under H10 and D2. Sharpens brainstorm §4.",EASY,none,"an ask deliberately made quiet may simply be missed, and it is the only ask between the hero and the close",7,HOME
S-18,"Hero scroll cue: one small mono line at the bottom centre of the black ground, the only mark in that region.",`basement-desktop-hero.png`,HOME H1 hero,type,n-a,technological · clean,"**Already proposed** (brainstorm §10, ""(Scroll)"" plus local time in the corner). New: the evidenced placement is bottom *centre* and alone, not cornered with the timestamp.",EASY,none,"a centred cue under an asymmetric hero is the one centred element on the page, so it either reads as deliberate or as a default",1,HOME
S-19,"The mono section eyebrow is the one slot a second script could later occupy, stacked beneath the first, with nothing else changing.",`bezalel-desktop-hero.png` · `bezalel-desktop-full.png`,every section eyebrow,type,n-a,human · technological,Language and market scope are **OPEN** and this asserts nothing about them. It reserves an affordance so a later scope decision does not force a redesign. Displaces nothing.,EASY,none,reserving space for a decision nobody has made can freeze a layout around a scope that never arrives,30,SITE-WIDE
S-20,"If the site ever mirrors, the mark's 45° flight lines mirror with it — otherwise every reveal and dissolve front reads as retreating.",`bezalel-desktop-hero.png` · `alefalefalef-desktop-hero.png` · `da-magazine-desktop-hero.png`,motion system (brainstorm §7 rule 1),motion,yes,technological · futuristic,"The diagonal is the locked mark's own geometry, so mirroring it is a **founder decision about the mark**, not a Phase 2 call. Escalate rather than assume. Displaces nothing today.",MEDIUM,none,"the direction is baked into every reveal, so discovering this after build means touching every animated element",40,TOUCHPOINT/OFF-SITE
S-21,"Nav: a mono dot-leader separates the two links from the ask, instead of a gap.",`basement-desktop-hero.png`,nav (every page),type · interaction,n-a,technological · clean,"Two links and one button at every width is unchanged (brainstorm §11); this is the separator only, and dots are already the site's vocabulary. Displaces the plain gap.",EASY,none,a dotted leader beside the primary ask is one more mark next to the one thing that must stay obvious,0,HOME
S-22,"Social template: black ground, one element cropped by two edges, a mono caption block at the foot. A specimen panel, never a quote card.",`alefalefalef-desktop-hero.png` · `basement-desktop-full.png`,LinkedIn / social templates — **off-site**,off-site,partial,expensive · futuristic,"Off-site, marked. Carries no testimonial, no number, no logo, no product word. Reuses S-05's cropped-letterform logic rather than adding a device. Displaces nothing on the site.",EASY,none,"off-site templates are used by whoever posts, so a template that needs judgement to fill will be filled badly",40,TOUCHPOINT/OFF-SITE
